<?xml version="1.0" encoding="utf-8"?>
<extension type="module" version="2.5" client="site" method="upgrade">
	<name>mod_jem_joomla_london</name>
	<author>Joomla! London - Eoin Oliver &amp; Gary Barclay</author>
	<authorEmail>info@joomlalondon.co.uk</authorEmail>
	<authorUrl>http://www.joomlalondon.co.uk</authorUrl>
	<creationDate>September 2019</creationDate>
	<copyright>copyright (C) 2013-2018 joomlaeventmanager.net</copyright>
	<license>https://www.gnu.org/licenses/gpl-2.0.html GNU/GPL</license>
	<version>0.0.1</version>
	<description>MOD_JEM_JOOMLA_LONDON_XML_DESCRIPTION</description>

	<scriptfile>script.php</scriptfile>

	<files>
		<filename module="mod_jem_joomla_london">mod_jem_joomla_london.php</filename>
		<filename>helper.php</filename>
		<filename>script.php</filename>
		<filename>index.html</filename>

		<folder>tmpl</folder>
		<folder>language</folder>
	</files>

	<config>
		<fields name="params">
			<fieldset name="basic" addfieldpath="/administrator/components/com_jem/models/fields">
				<field name="type" type="list"
					default="1"
					label="MOD_JEM_WIDE_UPCOMING_ARCHIVED_OR_CURRENT"
					description="MOD_JEM_WIDE_UPCOMING_ARCHIVED_OR_CURRENT_DESC"
				>
					<option value="0">MOD_JEM_WIDE_UPCOMING_EVENTS</option>
					<option value="1">MOD_JEM_WIDE_UNFINISHED_EVENTS</option>
					<option value="2">MOD_JEM_WIDE_ARCHIVED_EVENTS</option>
					<option value="3">MOD_JEM_WIDE_CURRENT_EVENTS</option>
				</field>
				<field name="count" type="text"
					default="5"
					label="MOD_JEM_WIDE_EVENTS_IN_MODULE"
					description="MOD_JEM_WIDE_EVENTS_IN_MODULE_DESC"
				/>
				<field name="show_no_events" type="radio"
					default="1"
					label="MOD_JEM_WIDE_SHOW_NO_EVENTS"
					description="MOD_JEM_WIDE_SHOW_NO_EVENTS_DESC"
					class="btn-group btn-group-yesno"
				>
					<option value="1">JYES</option>
					<option value="0">JNO</option>
				</field>
				<field name="offset_hours" type="text"
					default=""
					label="MOD_JEM_WIDE_OFFSET_HOURS"
					description="MOD_JEM_WIDE_OFFSET_HOURS_DESC"
				/>

				<field name="cuttitle" type="text"
					default="25"
					label="MOD_JEM_WIDE_MAX_TITLE_LENGTH"
					description="MOD_JEM_WIDE_MAX_TITLE_LENGTH_DESC"
				/>
				<field name="linkevent" type="radio"
					default="1"
					label="MOD_JEM_WIDE_LINK_TO_EVENT"
					description="MOD_JEM_WIDE_LINK_TO_EVENT_DESC"
					class="btn-group btn-group-yesno"
				>
					<option value="1">JYES</option>
					<option value="0">JNO</option>
				</field>

				<field name="use_modal" type="radio"
					default="0"
					label="MOD_JEM_WIDE_USE_MODAL"
					description="MOD_JEM_WIDE_USE_MODAL_DESC"
					class="btn-group btn-group-yesno"
				>
					<option value="1">JYES</option>
					<option value="0">JNO</option>
				</field>

				<field name="datemethod" type="list"
					default="1"
					label="MOD_JEM_WIDE_SHOW_DATE_OR_DAY_DIFFERENCE"
					description="MOD_JEM_WIDE_SHOW_DATE_OR_DAY_DIFFERENCE_DESC"
				>
					<option value="1">MOD_JEM_WIDE_SHOW_DATE</option>
					<option value="2">MOD_JEM_WIDE_SHOW_DAY_DIFFERENCE</option>
				</field>
				<field name="formatdate" type="text"
					default=""
					label="MOD_JEM_WIDE_DATE_FORMAT"
					description="MOD_JEM_WIDE_DATE_FORMAT_DESC"
				/>
				<field name="formattime" type="text"
					default=""
					label="MOD_JEM_WIDE_TIME_FORMAT"
					description="MOD_JEM_WIDE_TIME_FORMAT_DESC"
				/>

				<field name="linkcategory" type="radio"
					default="1"
					label="MOD_JEM_WIDE_LINK_TO_CATEGORY"
					description="MOD_JEM_WIDE_LINK_TO_CATEGORY_DESC"
					class="btn-group btn-group-yesno"
				>
					<option value="1">JYES</option>
					<option value="0">JNO</option>
				</field>
				<field name="linkvenue" type="radio"
					default="1"
					label="MOD_JEM_WIDE_LINK_TO_VENUE"
					description="MOD_JEM_WIDE_LINK_TO_VENUE_DESC"
					class="btn-group btn-group-yesno"
				>
					<option value="1">JYES</option>
					<option value="0">JNO</option>
				</field>

				<field name="catid" type="categoryedit"
					default=""
					multiple="true"
					removeroot="true"
					label="MOD_JEM_WIDE_CATEGORY_ID"
					description="MOD_JEM_WIDE_CATEGORY_ID_DESC"
				/>
				<field name="venid" type="venueoptions"
					default=""
					multiple="true"
					label="MOD_JEM_WIDE_VENUE_ID"
					description="MOD_JEM_WIDE_VENUE_ID_DESC"
				/>

				<field name="moduleclass_sfx" type="text"
					default=""
					label="MOD_JEM_WIDE_MODULE_CLASS_SUFFIX"
					description="MOD_JEM_WIDE_MODULE_CLASS_SUFFIX_DESC"
				/>
			</fieldset>

			<fieldset name="advanced">
				<field name="cache" type="list"
					default="1"
					label="MOD_JEM_WIDE_CACHING"
					description="MOD_JEM_WIDE_CACHING_DESC"
				>
					<option value="1">MOD_JEM_WIDE_USE_GLOBAL</option>
					<option value="0">MOD_JEM_WIDE_NO_CACHING</option>
				</field>
				<field name="cache_time" type="text"
					default="900"
					label="MOD_JEM_WIDE_CACHE_TIME"
					description="MOD_JEM_WIDE_CACHE_TIME_DESC"
				/>
			</fieldset>
		</fields>
	</config>
</extension>